,ARI,NMI,Jaccard,cov,n,type
0,1.0,1.0,1.0,tied,2,non-pca
1,-0.00044320859702140476,5.31952142752584e-05,0.9980009775,tied,2,non-pca
2,1.0,1.0,1.0,tied,2,non-pca
3,1.0,1.0,1.0,tied,2,non-pca
4,1.0,1.0,1.0,tied,2,non-pca
5,1.0,1.0,1.0,tied,2,non-pca
6,0.6404843020788721,0.5605043119998779,0.0009491925,tied,2,non-pca
7,1.0,1.0,1.0,tied,2,non-pca
8,1.0,1.0,1.0,tied,2,non-pca
9,1.0,1.0,1.0,tied,2,non-pca
0,0.9966922240878029,0.9894764889927843,0.00035,tied,3,non-pca
1,1.0,1.0,0.2849,tied,3,non-pca
2,0.998994971392848,0.9961356649474367,0.713000753955049,tied,3,non-pca
3,1.0,1.0,0.0018,tied,3,non-pca
4,0.006595837457288575,0.025029614517201912,0.5096826800820944,tied,3,non-pca
5,1.0,1.0,0.0,tied,3,non-pca
6,0.0065350380117450875,0.024604735714231312,0.5096388659120151,tied,3,non-pca
7,0.9966922240878029,0.9894764889927843,0.00035,tied,3,non-pca
8,1.0,1.0,0.2849,tied,3,non-pca
9,0.006595837457288575,0.025029614517201912,0.5102326800820944,tied,3,non-pca
0,0.006618847734028853,0.030481926237233333,0.2851786079082143,tied,4,non-pca
1,0.006618847734028853,0.030481926237233333,0.713578544609333,tied,4,non-pca
2,1.0,1.0,0.99935,tied,4,non-pca
3,0.5299160930192638,0.5191418956369631,0.9975224067072169,tied,4,non-pca
4,0.006618847734028853,0.030481926237233333,0.2857714650510715,tied,4,non-pca
5,0.006618847734028853,0.030481926237233333,0.7133214017521902,tied,4,non-pca
6,0.006621061190180601,0.030964137598617183,0.7133713892365456,tied,4,non-pca
7,0.004389675123287753,0.017290069055520392,0.7132740528890034,tied,4,non-pca
8,0.8819987867977535,0.8578223273368855,0.9994133333333334,tied,4,non-pca
9,0.004405113196890592,0.01925474258515039,0.7138797546363499,tied,4,non-pca
0,1.0,1.0,0.0,tied,5,non-pca
1,0.9971114668203553,0.9918453823861976,0.0,tied,5,non-pca
2,0.988841162339429,0.9728716043616327,0.9940638676018115,tied,5,non-pca
3,0.9865104337587088,0.9693554534395652,0.004184360639360639,tied,5,non-pca
4,0.9960497442641975,0.9879447169159482,0.0,tied,5,non-pca
5,0.9971114668203553,0.9918453823861976,0.0,tied,5,non-pca
6,0.9982596216328928,0.9945567962032875,0.28526360133000406,tied,5,non-pca
7,0.9969639652637476,0.9913235508497943,0.0,tied,5,non-pca
8,0.9984072059654707,0.9950791129778086,0.9979501751313484,tied,5,non-pca
9,0.988841162339429,0.9728716043616327,0.0012348626100942516,tied,5,non-pca
0,0.5193708673788704,0.7080061441912808,6.143394044521537e-07,tied,6,non-pca
1,0.9987029356516387,0.9958349724051857,0.2847500350938761,tied,6,non-pca
2,1.0,1.0,0.00035,tied,6,non-pca
3,0.9861802777272912,0.9683576442675446,0.9922645199540991,tied,6,non-pca
4,1.0,1.0,0.0,tied,6,non-pca
5,0.9987029356516387,0.9958349724051857,0.00085,tied,6,non-pca
6,0.9848945086580938,0.9651450631608918,0.7100619194914293,tied,6,non-pca
7,0.9979684164556005,0.9939626401017654,0.00024273442195952714,tied,6,non-pca
8,0.9987029356516387,0.9958349724051857,0.9983002594191477,tied,6,non-pca
9,0.9864735096549305,0.9694015240176332,0.2875912129059351,tied,6,non-pca
0,0.9987174801846619,0.9960490014416488,0.7087,tied,7,non-pca
1,0.5163059604284661,0.695836608787565,0.00037853688029020554,tied,7,non-pca
2,0.9836241944914329,0.9639913958140899,0.0007441176470588236,tied,7,non-pca
3,0.999940486786618,0.9994029177385265,0.0006,tied,7,non-pca
4,0.999940486786618,0.9994029177385265,0.28350000881523274,tied,7,non-pca
5,0.9986579880317543,0.9954529379736199,0.0059497361941610975,tied,7,non-pca
6,0.999940486786618,0.9994029177385265,0.0011,tied,7,non-pca
7,1.0,1.0,0.2838,tied,7,non-pca
8,0.9839135463398778,0.9646409944475672,0.00025,tied,7,non-pca
9,0.999940486786618,0.9994029177385265,0.0006,tied,7,non-pca
0,0.5235737526680202,0.7196407416143199,3.694581280788177e-07,tied,8,non-pca
1,0.9975235596610595,0.9921857890307697,0.00025,tied,8,non-pca
2,0.5154293260411394,0.6924508742462597,0.3426985419454815,tied,8,non-pca
3,0.5159094455647999,0.6934747655669021,0.363458269656007,tied,8,non-pca
4,0.9975241765128351,0.9927164596533609,0.00035,tied,8,non-pca
5,1.0,1.0000000000000002,0.0,tied,8,non-pca
6,0.9975235596610595,0.9921857890307697,0.708003311546841,tied,8,non-pca
7,0.5154320380254126,0.6920145468138387,0.3434988018637464,tied,8,non-pca
8,0.983279728572067,0.9626478967149127,0.7035836137989062,tied,8,non-pca
9,0.5161623963793097,0.694681682045265,0.0008,tied,8,non-pca
0,0.9869752046252664,0.9720351028084991,0.36460251314520925,tied,9,non-pca
1,0.9871339502988028,0.9723042374332168,0.0025152144265933127,tied,9,non-pca
2,0.9871346470464221,0.9726258964180252,0.0001,tied,9,non-pca
3,0.9995201962262732,0.9985939342877026,0.6531875611496127,tied,9,non-pca
4,0.9871339502988028,0.9723042374332168,0.0012517690484420523,tied,9,non-pca
5,0.9869752046252664,0.9720351028084991,0.36455799633848657,tied,9,non-pca
6,0.5167752814717419,0.6952367235221799,0.16900096594283717,tied,9,non-pca
7,0.9984951554489798,0.9957703988258014,0.34455010871140745,tied,9,non-pca
8,0.986811305816263,0.971799229408093,0.28470178330758217,tied,9,non-pca
9,0.9871346470464221,0.9726258964180251,0.36356037428803906,tied,9,non-pca
0,0.9989714434119736,0.996873149748081,0.0002,tied,10,non-pca
1,0.9978019795087218,0.9941795205052812,2.8636930754834684e-05,tied,10,non-pca
2,0.9859033240799789,0.9676555210510968,9.004106221822215e-05,tied,10,non-pca
3,0.9974447621483788,0.9947362657519097,0.0016121742814772968,tied,10,non-pca
4,0.9960225266655284,0.987754715523305,0.0008999178981937602,tied,10,non-pca
5,0.9991318356736509,0.9976052966611128,7.928118393234674e-08,tied,10,non-pca
6,0.998600244217721,0.99580367328705,0.3645710195648847,tied,10,non-pca
7,0.9866104081633833,0.9721635298229684,0.00014816439465514914,tied,10,non-pca
8,0.9981217958852187,0.9951992752141031,0.34380013106159896,tied,10,non-pca
9,0.997189455426627,0.9925553357822572,0.0,tied,10,non-pca
0,1.0,1.0,0.00055,tied,11,non-pca
1,0.9996797095879387,0.998837462464767,0.708850028273765,tied,11,non-pca
2,0.8785886585669611,0.8771762581069357,0.0060542263473670225,tied,11,non-pca
3,0.9996797095879387,0.9988374624647672,0.34315001457513483,tied,11,non-pca
4,0.9961341239931107,0.9882808215813701,0.00034929213393780325,tied,11,non-pca
5,0.9996797095879387,0.9988374624647672,0.0,tied,11,non-pca
6,1.0,1.0,0.344,tied,11,non-pca
7,0.9996797095879387,0.9988374624647672,0.00085,tied,11,non-pca
8,0.876716734275117,0.8762374669287043,1.0114107883817428e-06,tied,11,non-pca
9,0.9970306242226823,0.9924235721636923,0.0,tied,11,non-pca
0,0.9950922124098845,0.9883921275587378,0.2677895632864545,tied,12,non-pca
1,0.9963976729280608,0.9913250114224924,0.0007695560253699789,tied,12,non-pca
2,0.9963158819782856,0.9910137123595519,0.26765435511916685,tied,12,non-pca
3,0.9963976729280608,0.9913250114224927,0.0002998377501352082,tied,12,non-pca
4,0.8752049978183176,0.874174499677317,0.005590719052121372,tied,12,non-pca
5,0.9963158819782856,0.9910137123595519,0.3689005137912385,tied,12,non-pca
6,0.996203693570408,0.9895587303388925,0.00044513392710151135,tied,12,non-pca
7,0.9963158819782856,0.9910137123595519,0.2896608757573139,tied,12,non-pca
8,0.9968653725045834,0.9920925705998425,0.36923384712457186,tied,12,non-pca
9,0.9736995652125938,0.9548827313229193,0.007973218946123902,tied,12,non-pca
0,-5.986081499696609e-05,4.242748478136557e-06,0.28547160938204486,tied,2,pca
1,1.0,1.0,1.0,tied,2,pca
2,-5.986081499696609e-05,4.242748478136557e-06,0.7138858884839165,tied,2,pca
3,1.0,1.0,1.0,tied,2,pca
4,-5.986081499696609e-05,4.242748478136557e-06,0.28547160938204486,tied,2,pca
5,1.0,1.0,1.0,tied,2,pca
6,-5.986081499696609e-05,4.242748478136557e-06,0.28547160938204486,tied,2,pca
7,-5.986081499696609e-05,4.242748478136557e-06,0.28547160938204486,tied,2,pca
8,-5.986081499696609e-05,4.242748478136557e-06,0.7138858884839165,tied,2,pca
9,-0.000553487181915412,6.707685997172058e-05,0.9983005199999999,tied,2,pca
0,0.5186432971046024,0.7056370436633119,0.00024986449864498645,tied,3,pca
1,0.5186432971046024,0.7056370436633119,0.00024986449864498645,tied,3,pca
2,0.5186432971046024,0.7056370436633119,0.19042245406727665,tied,3,pca
3,0.5186432971046024,0.7056370436633119,0.00024986449864498645,tied,3,pca
4,0.5186432971046024,0.7056370436633119,0.00024986449864498645,tied,3,pca
5,0.5186432971046024,0.7056370436633119,0.00024986449864498645,tied,3,pca
6,0.5186432971046024,0.7056370436633119,0.00024986449864498645,tied,3,pca
7,0.5179017470889742,0.7028249995027658,0.47547353481610444,tied,3,pca
8,0.5186432971046024,0.7056370436633119,0.19042245406727665,tied,3,pca
9,0.5186432971046024,0.7056370436633119,0.45292254880866395,tied,3,pca
0,1.0,1.0,0.0,tied,4,pca
1,1.0,1.0,0.7137,tied,4,pca
2,0.9972264601941394,0.9905726539874766,0.0,tied,4,pca
3,1.0,1.0,0.0,tied,4,pca
4,1.0,1.0,0.0009,tied,4,pca
5,0.9972264601941394,0.9905726539874768,0.00045,tied,4,pca
6,1.0,1.0,0.0,tied,4,pca
7,1.0,1.0,0.7137,tied,4,pca
8,1.0,1.0,0.0,tied,4,pca
9,1.0,1.0,0.7137,tied,4,pca
0,0.9979949531636971,0.9933660217110626,0.0002,tied,5,pca
1,0.9979949531636971,0.9933660217110626,0.28605025934727446,tied,5,pca
2,0.9974061691457279,0.9921124995987343,0.28465007018775224,tied,5,pca
3,0.9979949531636971,0.9933660217110626,0.998550322394562,tied,5,pca
4,0.9979949531636971,0.9933660217110626,0.998550322394562,tied,5,pca
5,0.9979949531636971,0.9933660217110626,0.28465007018775224,tied,5,pca
6,0.9979949531636971,0.9933660217110626,0.28474712901128163,tied,5,pca
7,0.9979949531636971,0.9933660217110626,0.0002,tied,5,pca
8,0.9979949531636971,0.9933660217110626,0.0014001507332794428,tied,5,pca
9,0.9979949531636971,0.9933660217110626,0.0,tied,5,pca
0,0.5197966617071968,0.7106842580124171,0.28586,tied,6,pca
1,1.0,1.0,0.28485,tied,6,pca
2,1.0,1.0,0.00085,tied,6,pca
3,0.5196140880549858,0.7096243744096491,0.19013685853601572,tied,6,pca
4,0.9998400867603243,0.9995535648555317,0.0004,tied,6,pca
5,0.5196140880549858,0.7096243744096491,0.0,tied,6,pca
6,0.5196818435901641,0.7104992195785046,0.0,tied,6,pca
7,0.5196140880549858,0.7096243744096491,0.28494976845151954,tied,6,pca
8,0.5197966617071968,0.7106842580124171,0.28586,tied,6,pca
9,0.5196818435901641,0.7104992195785046,0.28475,tied,6,pca
0,0.9969309188479472,0.9922050818720483,0.00024214916584887146,tied,7,pca
1,1.0,1.0,0.28475,tied,7,pca
2,1.0,1.0,0.34585,tied,7,pca
3,0.5202068414444423,0.71286487907081,4.9934952298352134e-05,tied,7,pca
4,0.9969309188479472,0.992205081872048,0.0,tied,7,pca
5,0.519270888651839,0.7083181831487734,0.0001299421714616163,tied,7,pca
6,0.9974102846681355,0.9931206872549171,0.0,tied,7,pca
7,0.9924740483284349,0.9852937992959441,0.0,tied,7,pca
8,0.5192709443477663,0.7083223775707053,0.0002998264140026038,tied,7,pca
9,0.9969309188479472,0.9922050818720483,0.28489974901556964,tied,7,pca
0,0.999360524179476,0.9984729266046362,0.28664684343434343,tied,8,pca
1,0.9996798112210955,0.9988781300692787,0.0,tied,8,pca
2,1.0,1.0,0.0009,tied,8,pca
3,0.9937800122809732,0.98910750802322,0.6279109550561798,tied,8,pca
4,1.0,1.0,0.0013,tied,8,pca
5,0.9996802161430398,0.9991740911716568,0.0006984217171717172,tied,8,pca
6,0.9996798122904993,0.9989404897442037,0.00054,tied,8,pca
7,0.9147473035464773,0.9019131044955828,0.009193641661432583,tied,8,pca
8,1.0,1.0,0.0,tied,8,pca
9,1.0,1.0,0.0,tied,8,pca
0,0.9133195514029252,0.9016334001240854,0.326160178919386,tied,9,pca
1,0.7615699916220714,0.8042845433057133,0.272160570931749,tied,9,pca
2,0.8241522135592021,0.840288619495015,0.00010009384384384386,tied,9,pca
3,0.7612349185621374,0.8039988352367775,0.0,tied,9,pca
4,0.8205993236345616,0.8381422931255132,0.06849598352214213,tied,9,pca
5,0.9159393636156118,0.9038344644507268,0.0,tied,9,pca
6,0.9428488296755962,0.9326958889338482,0.030864671531293873,tied,9,pca
7,0.9942835928285122,0.9873438356100414,0.0015472652008686211,tied,9,pca
8,0.9136917125473191,0.9017460553392564,0.04192470819684,tied,9,pca
9,0.9996794368811373,0.998821139311613,0.000868421052631579,tied,9,pca
0,0.9222708778258556,0.8937151549916403,0.0008737676102184838,tied,10,pca
1,0.916749914589882,0.8884456839068553,0.0014160329985652797,tied,10,pca
2,0.7561426808270888,0.7739029527543824,0.0003026473369051371,tied,10,pca
3,0.8543102385521482,0.841667121412032,0.3521856092509366,tied,10,pca
4,0.9688479877858341,0.9514731002005595,0.0012,tied,10,pca
5,0.8549653283446079,0.8420266102535003,0.0012,tied,10,pca
6,0.7903595981612584,0.7787676836013153,0.28436182255904396,tied,10,pca
7,0.9692354664145598,0.9519917622416793,0.0028834358518018137,tied,10,pca
8,0.8933544120108617,0.863625451856287,0.00039991866311742087,tied,10,pca
9,0.7558197983140499,0.7736218974940519,0.28396114604940614,tied,10,pca
0,0.7965539683560471,0.7978521920863594,0.20419183036336588,tied,11,pca
1,0.880616475630033,0.873303322823469,0.0012734864894490567,tied,11,pca
2,0.7739130021403302,0.7707349602392313,0.0006105452999169259,tied,11,pca
3,0.9196346062178641,0.9036078660233592,0.3301470661422998,tied,11,pca
4,0.9081595776728372,0.8988334500811364,0.0004226609801593554,tied,11,pca
5,0.8077400686523549,0.8516660437942063,0.001581035840882237,tied,11,pca
6,0.8804572879443149,0.8731430059182049,0.00114154466686585,tied,11,pca
7,0.9540112349256356,0.9404156745111745,0.3564198000357079,tied,11,pca
8,0.8804572879443149,0.8731430059182049,0.03617731903485255,tied,11,pca
9,0.9342648735543743,0.9280767434768357,0.0018973704968275554,tied,11,pca
0,0.9133443868754852,0.91143752430931,8.663380475890324e-05,tied,12,pca
1,0.9136031614713307,0.9113968609893098,0.3691539919504403,tied,12,pca
2,0.8724159868107071,0.8626230804549371,0.036477378877103124,tied,12,pca
3,0.7867773224529676,0.8490993212398228,2.633451957295374e-06,tied,12,pca
4,0.9757184246471352,0.965163931538411,0.0,tied,12,pca
5,0.9096878827366915,0.9021830042624592,0.06665189669744208,tied,12,pca
6,0.838920120794278,0.8371701563094179,0.0019236256626702542,tied,12,pca
7,0.9136607413089479,0.9123151695037474,0.0010980820256254141,tied,12,pca
8,0.9928154912667544,0.9861997326892414,0.0004375,tied,12,pca
9,0.9221410814491151,0.919140617121079,0.34494638051668464,tied,12,pca
0,1.0,1.0,1.0,spherical,2,nonpca
1,1.0,1.0,0.0,spherical,2,nonpca
2,1.0,1.0,1.0,spherical,2,nonpca
3,1.0,1.0,1.0,spherical,2,nonpca
4,1.0,1.0,0.0,spherical,2,nonpca
5,1.0,1.0,1.0,spherical,2,nonpca
6,1.0,1.0,0.0,spherical,2,nonpca
7,1.0,1.0,1.0,spherical,2,nonpca
8,1.0,1.0,1.0,spherical,2,nonpca
9,1.0,1.0,0.0,spherical,2,nonpca
0,0.9994118389754726,0.998170786128523,0.0,spherical,3,nonpca
1,0.9990198350335562,0.9971234489203057,0.62315,spherical,3,nonpca
2,0.9990198350335562,0.9971234489203057,0.62315,spherical,3,nonpca
3,0.9974526464455992,0.9933585243453004,0.62275,spherical,3,nonpca
4,1.0,1.0,0.0206,spherical,3,nonpca
5,0.997061056074525,0.9924815678498399,0.62265,spherical,3,nonpca
6,0.997061056074525,0.9924815678498399,0.62265,spherical,3,nonpca
7,0.9974526464455992,0.9933585243453004,0.0004137328976924648,spherical,3,nonpca
8,0.9994118389754726,0.9981707861285231,9.547682254441495e-05,spherical,3,nonpca
9,0.9994118389754726,0.998170786128523,0.9997000631756282,spherical,3,nonpca
0,0.9799298312765671,0.9649508355893675,0.5245567781751946,spherical,4,nonpca
1,0.9991158032177583,0.997440506957398,0.2024999973503836,spherical,4,nonpca
2,0.9973752015565343,0.9938149695839368,0.46736830906528887,spherical,4,nonpca
3,0.9973752015565343,0.9938149695839368,0.46736830906528887,spherical,4,nonpca
4,0.9983648598786935,0.9954581128557819,0.00011896841141461924,spherical,4,nonpca
5,0.574011452883446,0.6082392737307978,0.1115439143575908,spherical,4,nonpca
6,0.9986913570076371,0.9964384954145176,2.112274322968907e-05,spherical,4,nonpca
7,0.9979717329658412,0.994969815656585,0.0002020817657386506,spherical,4,nonpca
8,0.9973752015565343,0.9938149695839368,0.20243187224840176,spherical,4,nonpca
9,0.9991158335607838,0.9975047263446026,5.773764735390017e-05,spherical,4,nonpca
0,0.5834160838080986,0.6303267323156037,0.6848130658782516,spherical,5,nonpca
1,0.99489375892266,0.988721296416293,0.9964058337446573,spherical,5,nonpca
2,0.5832643026086795,0.6301898361689113,0.6371084401248603,spherical,5,nonpca
3,0.5836293407322272,0.6303161584736788,0.24478915791603886,spherical,5,nonpca
4,0.5829639307752517,0.629637681293544,0.37380283328711345,spherical,5,nonpca
5,0.9665988414675927,0.9451060283522739,0.00048816365366317796,spherical,5,nonpca
6,0.5828580139111318,0.6296293614230315,0.18851944498539114,spherical,5,nonpca
7,0.5854608906752202,0.6315073529580499,0.19229983790152352,spherical,5,nonpca
8,0.6407993509020904,0.6661238612417274,0.06116034372280187,spherical,5,nonpca
9,0.5855195463359781,0.631358523009445,0.15160903444169452,spherical,5,nonpca
0,0.998396012530397,0.9961414614912998,0.317428566854362,spherical,6,nonpca
1,0.998396012530397,0.9961414614913,0.5617787302864355,spherical,6,nonpca
2,0.9993994542813851,0.9985130066048169,0.006677984335613972,spherical,6,nonpca
3,0.9991800510784612,0.9979344543284899,0.3179698210980876,spherical,6,nonpca
4,0.999088608970289,0.9977350683253228,2.6546465905821426e-05,spherical,6,nonpca
5,0.9993994542813851,0.9985130066048168,0.0,spherical,6,nonpca
6,0.9995965485687356,0.9990247494307029,0.31741836209852553,spherical,6,nonpca
7,0.9992547421984346,0.9982178623821282,0.31075,spherical,6,nonpca
8,0.9985803293071112,0.9966469329822114,0.00665,spherical,6,nonpca
9,0.9989747076409844,0.9974805326026116,0.5872000792934667,spherical,6,nonpca
0,0.5093553479310775,0.6019367623839669,0.20897964444407993,spherical,7,nonpca
1,0.5092200000032475,0.6018340356574865,0.1919955726936941,spherical,7,nonpca
2,0.509241575702196,0.6018468483819788,0.019439998074325955,spherical,7,nonpca
3,0.5093816308164001,0.6019145331192716,0.2178085401611914,spherical,7,nonpca
4,0.9977003057584964,0.9958566424550345,0.25675046565774157,spherical,7,nonpca
5,0.509241575702196,0.6018468483819788,0.0006152303570383152,spherical,7,nonpca
6,0.9971730149671659,0.9946684156144959,0.155552713188137,spherical,7,nonpca
7,0.5093450413302918,0.6019305241497701,0.0799518461157166,spherical,7,nonpca
8,0.5092307685701803,0.6018404356124499,0.03578033122244087,spherical,7,nonpca
9,0.9990090922033973,0.9979338174562077,0.0005200662867775323,spherical,7,nonpca
0,0.9985119628100864,0.9970882850124451,0.25545292725890456,spherical,8,nonpca
1,0.9990891974094019,0.9969572504312737,0.1729777213352685,spherical,8,nonpca
2,0.701543526698749,0.7670630056212636,0.23541661131252967,spherical,8,nonpca
3,0.7010709548208798,0.766516580484435,0.16582220206293738,spherical,8,nonpca
4,0.7014549940060912,0.767082338625281,2.48103186646434e-05,spherical,8,nonpca
5,0.9930780001465322,0.986547938549303,0.005380943617229193,spherical,8,nonpca
6,0.9996115925108198,0.9991864716196898,0.15780006329113924,spherical,8,nonpca
7,0.5141465209084182,0.6061705132614114,0.21437733882283724,spherical,8,nonpca
8,0.7019485416145039,0.767190805157469,0.23917415659672248,spherical,8,nonpca
9,0.998908033507112,0.997243007853292,0.00065,spherical,8,nonpca
0,0.97593209175339,0.9657250922085914,0.26903804990207786,spherical,9,nonpca
1,0.9935558744331946,0.989741632544193,0.27488585197556714,spherical,9,nonpca
2,0.9998957736861233,0.9997499514864051,0.1369,spherical,9,nonpca
3,0.8028772735230757,0.8156165378186796,0.3576660068669749,spherical,9,nonpca
4,0.9941771321856617,0.9906130383578268,0.47897654397049994,spherical,9,nonpca
5,0.9880987491147267,0.980814837245681,0.199697154535995,spherical,9,nonpca
6,0.9878375585855085,0.9804749475522985,0.1982471815420956,spherical,9,nonpca
7,0.9976077261789617,0.9958009577922103,0.1916807015797082,spherical,9,nonpca
8,0.7083721177321854,0.7735773226422828,0.15558919245341366,spherical,9,nonpca
9,0.7083762037601877,0.773582009985867,0.4365483788131617,spherical,9,nonpca
0,0.8240301839366444,0.8317583327645175,0.0819376950806748,spherical,10,nonpca
1,0.7243587221871283,0.7759910274691599,0.15642876975563563,spherical,10,nonpca
2,0.9998950687554732,0.9997503542843598,0.0869000288184438,spherical,10,nonpca
3,0.833524592767749,0.8429019116316101,0.052132039972715996,spherical,10,nonpca
4,0.8506378450306064,0.8504064509555292,0.14205799633537627,spherical,10,nonpca
5,0.8365146924936547,0.8467722208737366,0.2653405458440448,spherical,10,nonpca
6,0.8507365950485699,0.850490840326679,0.059493145085957835,spherical,10,nonpca
7,0.8341698923028211,0.8423776253373841,0.01293147958318798,spherical,10,nonpca
8,0.850510097197531,0.8502959521401006,0.06087947049114367,spherical,10,nonpca
9,0.8517891776551271,0.8516048303651022,0.0016756914825111575,spherical,10,nonpca
0,0.8064288739567449,0.8131247762040366,0.0006203545239937178,spherical,11,nonpca
1,0.7173622047640217,0.7348857743408684,0.019410217586012694,spherical,11,nonpca
2,0.8810826276436887,0.864318061491518,0.0625074068029668,spherical,11,nonpca
3,0.7140025476029558,0.7365909849480866,0.07750546014980111,spherical,11,nonpca
4,0.7427160751993437,0.7148847338648796,0.047127351927530745,spherical,11,nonpca
5,0.8272645059138335,0.8289413834417204,0.004769054771954436,spherical,11,nonpca
6,0.9982020141259356,0.996174718605842,0.0003362949833292978,spherical,11,nonpca
7,0.7110207662242605,0.7298533996559676,0.1407863900097057,spherical,11,nonpca
8,0.7132580191723221,0.7218038485897579,0.12647680448320614,spherical,11,nonpca
9,0.8816379931882927,0.8646864530874384,0.06794675501136983,spherical,11,nonpca
0,0.7397326562801997,0.7687792715746213,0.0009786098169879552,spherical,12,nonpca
1,0.7094995256178595,0.732762415425191,0.11910821876037087,spherical,12,nonpca
2,0.7096963621036636,0.7328391138489389,0.4313558341815924,spherical,12,nonpca
3,0.7373495937863345,0.7515246773588219,0.014608137672289615,spherical,12,nonpca
4,0.7373495937863345,0.7515246773588221,0.2371313531028762,spherical,12,nonpca
5,0.5734110000195205,0.6515250318028365,0.04539927459245952,spherical,12,nonpca
6,0.7191886833015261,0.7475364225628746,0.005466794482953767,spherical,12,nonpca
7,0.7366410486678825,0.7505861290381869,0.17630221609048632,spherical,12,nonpca
8,0.9990656212835544,0.9980580164667142,0.28147165139616054,spherical,12,nonpca
9,0.6855576733451181,0.7460354918744236,0.17440535061712883,spherical,12,nonpca
0,1.0,1.0,1.0,spherical,2,pca
1,1.0,1.0,0.0,spherical,2,pca
2,1.0,1.0,1.0,spherical,2,pca
3,1.0,1.0,0.0,spherical,2,pca
4,1.0,1.0,0.0,spherical,2,pca
5,1.0,1.0,1.0,spherical,2,pca
6,1.0,1.0,0.0,spherical,2,pca
7,1.0,1.0,0.0,spherical,2,pca
8,1.0,1.0,0.0,spherical,2,pca
9,1.0,1.0,0.0,spherical,2,pca
0,1.0,1.0,0.3515,spherical,3,pca
1,1.0,1.0,1.0,spherical,3,pca
2,0.9982038021209232,0.9947757115477408,0.35105057536581896,spherical,3,pca
3,0.9984032926645554,0.9952873968005478,0.0,spherical,3,pca
4,0.9990018947819465,0.9968830997180249,0.3512501776830135,spherical,3,pca
5,1.0,1.0,0.3515,spherical,3,pca
6,0.9704528065364841,0.9438270937196799,0.6344354871005006,spherical,3,pca
7,1.0,1.0,0.3515,spherical,3,pca
8,0.9980043333231682,0.9942721636336652,0.0,spherical,3,pca
9,1.0,1.0,1.0,spherical,3,pca
0,0.9986567567243115,0.996513238212997,0.3466708051303001,spherical,4,pca
1,0.9746080354201204,0.9537726644012786,0.3955180784131341,spherical,4,pca
2,0.9986567567243115,0.996513238212997,0.00013729376871409672,spherical,4,pca
3,1.0,1.0,0.4009,spherical,4,pca
4,0.9955598419497993,0.9901643975531039,0.00018795545869372744,spherical,4,pca
5,1.0,0.9999999999999998,0.39425,spherical,4,pca
6,0.9986567567243115,0.996513238212997,0.3399001101968851,spherical,4,pca
7,0.98921234806095,0.9800072786586052,0.0004305786498170935,spherical,4,pca
8,0.991180725517988,0.9826631407669087,0.0004094923012900542,spherical,4,pca
9,0.9985109174782445,0.9961882773099577,0.3399001101968851,spherical,4,pca
0,0.4658372069540412,0.5437508536262695,0.3139953470194211,spherical,5,pca
1,0.4632003719671767,0.5444324050187421,0.006693835517454737,spherical,5,pca
2,0.6784326330761097,0.6738681462874072,0.13725196325444805,spherical,5,pca
3,0.9978302111119416,0.9954768876320451,0.387901193023639,spherical,5,pca
4,0.46740935435352177,0.5436335900901491,0.13679425174380147,spherical,5,pca
5,0.46610259518314834,0.5439397608951405,0.21307536269729685,spherical,5,pca
6,0.6784326330761097,0.6738681462874071,0.06257141486092553,spherical,5,pca
7,0.4660087322698343,0.5440001919901741,0.1433242685104834,spherical,5,pca
8,0.4657222269274532,0.5437349119839839,0.06509745264852622,spherical,5,pca
9,0.4657222269274532,0.5437349119839839,0.035024044095000394,spherical,5,pca
0,0.46724585410942865,0.5456757060532211,0.0009896681517898296,spherical,6,pca
1,0.9992811651577315,0.9984483196004678,0.0,spherical,6,pca
2,0.9809766175721546,0.9678713318404661,0.0006897137745974955,spherical,6,pca
3,0.999846063504462,0.9996464637549493,0.0,spherical,6,pca
4,0.46665247572089097,0.5455560939588977,0.0043953633618323005,spherical,6,pca
5,0.9706445262513202,0.9538932637488812,0.6012943963832204,spherical,6,pca
6,0.46733561786325634,0.5455889034378629,0.316585172679832,spherical,6,pca
7,0.9808341002296801,0.9676909950759145,0.20266509674739,spherical,6,pca
8,0.981079399419927,0.970661991969451,0.6011059503980892,spherical,6,pca
9,0.46724585410942865,0.5456757060532211,0.05403664178483126,spherical,6,pca
0,0.9991372547614863,0.9982431624255134,2.420039411853873e-05,spherical,7,pca
1,0.9957517352901974,0.9925721422132678,0.24870751640485186,spherical,7,pca
2,1.0,1.0,0.2507,spherical,7,pca
3,0.9991372547614863,0.9982431624255134,0.45330035942492014,spherical,7,pca
4,0.9991372547614863,0.9982431624255134,2.023894436519258e-05,spherical,7,pca
5,0.9989095000134984,0.9978010924034441,0.3717702365386901,spherical,7,pca
6,1.0,1.0,0.17085,spherical,7,pca
7,1.0,1.0,0.2535,spherical,7,pca
8,0.9989095000134984,0.9978010924034441,4.840078823707746e-05,spherical,7,pca
9,0.9990110790142746,0.9980394926764157,0.24975048911958475,spherical,7,pca
0,1.0,1.0,0.167,spherical,8,pca
1,1.0,1.0,0.2128,spherical,8,pca
2,1.0,1.0,0.1699,spherical,8,pca
3,0.7848535748294673,0.8072559372978275,0.13554381612834487,spherical,8,pca
4,1.0,1.0,0.4126,spherical,8,pca
5,1.0,1.0,0.0,spherical,8,pca
6,0.783688960951422,0.806509700919961,0.0010116815560330204,spherical,8,pca
7,0.9978158191334039,0.9963020498180092,2.9411051866214255e-05,spherical,8,pca
8,0.9978158191334039,0.9963020498180092,0.0004146692701977057,spherical,8,pca
9,1.0,1.0,0.0006,spherical,8,pca
0,0.6591732297064657,0.7075309873148009,0.1486046381779643,spherical,9,pca
1,0.6585269572549204,0.7071386507188535,0.09986817919686389,spherical,9,pca
2,0.6588567281323928,0.7073971979666163,0.009347311695849582,spherical,9,pca
3,0.6581948215111779,0.7069669107820793,0.13336760326741964,spherical,9,pca
4,0.6599111640569931,0.7079976150282015,0.010377380907507198,spherical,9,pca
5,0.7112575852406542,0.7417046692782613,0.14675328870918483,spherical,9,pca
6,0.6559355927074456,0.7051972669400468,0.022856288782816227,spherical,9,pca
7,0.7167839473937623,0.7452102770345548,0.054287604190639355,spherical,9,pca
8,0.7374023757092777,0.7698289754125247,0.02645093260863487,spherical,9,pca
9,0.6587119452175063,0.707242692311313,0.016083191510422954,spherical,9,pca
0,0.6185202418877709,0.6811714902848177,0.10473711361024059,spherical,10,pca
1,0.6347859714037014,0.709821930335015,0.2625075560161591,spherical,10,pca
2,0.6973335912335991,0.7393436338926415,0.005787468351866132,spherical,10,pca
3,0.7079307087322925,0.799612280218138,0.01414141995006536,spherical,10,pca
4,0.76959167930368,0.8163858651130631,0.02519145337505027,spherical,10,pca
5,0.9870992963771512,0.9821214655354582,0.2658423019048141,spherical,10,pca
6,0.6549031093503669,0.7287043982479733,0.040563367806830015,spherical,10,pca
7,0.48850813053133485,0.6225299643177323,0.03962976875462437,spherical,10,pca
8,0.5812340226728793,0.6570973972633197,0.24449833005744603,spherical,10,pca
9,0.6362777044823228,0.7111388350811026,0.0026958169660568766,spherical,10,pca
0,0.6778971873692807,0.7409326694023556,0.021237204591361455,spherical,11,pca
1,0.7191754041492827,0.7755406528815065,0.13273496605165438,spherical,11,pca
2,0.6778084412176375,0.7408623876142815,0.14081395430966293,spherical,11,pca
3,0.6794067375617281,0.751178815501064,0.030548112127294295,spherical,11,pca
4,0.775698416617377,0.8144104221755119,0.004609228798482441,spherical,11,pca
5,0.7187938347192452,0.7752961889046344,0.009278179267812438,spherical,11,pca
6,0.8276318103750251,0.8530714213400363,0.15008908744864438,spherical,11,pca
7,0.6792524125730863,0.745821520157601,0.008629219268490767,spherical,11,pca
8,0.8156004688545448,0.8562684370236112,0.22774999604493223,spherical,11,pca
9,0.5652226605376378,0.643675388778366,0.058372707345413735,spherical,11,pca
0,0.9932964790185042,0.9899498489238154,0.16302419933738266,spherical,12,pca
1,0.48361373024100424,0.603516682881794,0.035508440656434284,spherical,12,pca
2,0.7921519623133989,0.8329430520459771,0.16117448834583598,spherical,12,pca
3,0.8343899073022466,0.8579548688208736,0.018218959952863982,spherical,12,pca
4,0.6532477399982523,0.7193861679432103,0.23199878929506207,spherical,12,pca
5,0.6788705162579534,0.7409058598937952,0.009816340484502816,spherical,12,pca
6,0.7908004720022886,0.8321426941532293,0.14083826867536467,spherical,12,pca
7,0.9217578078010347,0.9216238899147792,0.16572186582971082,spherical,12,pca
8,0.7351554340335815,0.7863758877563182,5.214295192655346e-05,spherical,12,pca
9,0.5558164651615197,0.6655268935585527,0.049670499137966076,spherical,12,pca
0,0.9080521249598401,0.8009783749067044,0.9841895800002302,full,2,nonpca
1,0.9080521249598401,0.8009783749067046,0.005108231881922016,full,2,nonpca
2,0.9080521249598401,0.8009783749067046,0.005108231881922016,full,2,nonpca
3,0.9080521249598401,0.8009783749067046,0.005108231881922016,full,2,nonpca
4,0.9080521249598401,0.8009783749067046,0.005108231881922016,full,2,nonpca
5,0.9080521249598401,0.8009783749067046,0.005108231881922016,full,2,nonpca
6,0.9080521249598401,0.8009783749067044,0.9841895800002302,full,2,nonpca
7,0.9080521249598401,0.8009783749067046,0.005108231881922016,full,2,nonpca
8,0.9080521249598401,0.8009783749067046,0.005108231881922016,full,2,nonpca
9,0.9080521249598401,0.8009783749067044,0.9841895800002302,full,2,nonpca
0,0.4058091916146767,0.29677536077094124,0.6365391534345114,full,3,nonpca
1,0.34852513428327964,0.3324747882793633,0.0068574606619641884,full,3,nonpca
2,0.34852513428327964,0.33247478827936333,0.049463136845283986,full,3,nonpca
3,1.0,1.0,0.0,full,3,nonpca
4,0.19994223113292603,0.2294163181995167,0.04059227498228207,full,3,nonpca
5,1.0,1.0,0.2689,full,3,nonpca
6,0.19994223113292603,0.22941631819951666,0.0,full,3,nonpca
7,1.0,1.0,1.0,full,3,nonpca
8,1.0,1.0,1.0,full,3,nonpca
9,1.0,1.0,0.2689,full,3,nonpca
0,0.35686181646585585,0.3437299008613006,0.6724204742564719,full,4,nonpca
1,0.9989832315402999,0.9967664952524331,0.7224000864932189,full,4,nonpca
2,0.9835215190446147,0.9617342883701723,0.9913281297343721,full,4,nonpca
3,0.9997966189716867,0.999230385209067,0.0003132840296838467,full,4,nonpca
4,0.5646258824775687,0.4911153533158498,0.6305666502105203,full,4,nonpca
5,1.0,1.0,0.0,full,4,nonpca
6,0.9841342253691405,0.9621586467762653,0.0013368334129785116,full,4,nonpca
7,0.5594641740821307,0.4680526809297649,0.7679684060049345,full,4,nonpca
8,0.9835215190446147,0.9617342883701723,0.01664943834502389,full,4,nonpca
9,0.5341095607221003,0.4703085754790975,0.00729323651727244,full,4,nonpca
0,0.9958459978395996,0.9868782428387883,0.3013037567968364,full,5,nonpca
1,0.9606676488349424,0.8983759656142712,0.2952792947228204,full,5,nonpca
2,0.9675276590082807,0.9089667042142034,0.0010330580589370446,full,5,nonpca
3,0.4362319107747335,0.32749263665993156,0.04089011918318737,full,5,nonpca
4,0.4362319107747335,0.32749263665993156,0.03628904391437016,full,5,nonpca
5,0.4303495879256319,0.30919003163329556,0.04071246291083636,full,5,nonpca
6,0.9668233400764062,0.9077144031647018,0.6444287152026668,full,5,nonpca
7,0.4362319107747335,0.32749263665993156,0.03974150514161224,full,5,nonpca
8,0.9753162955526806,0.9207843660611761,0.3241249270963428,full,5,nonpca
9,0.9947455509838172,0.983260815787572,0.3459125701286996,full,5,nonpca
0,0.517891643786729,0.4124735482914434,0.017508569168027937,full,6,nonpca
1,0.39871765331186615,0.30852822657030043,0.013368765666027172,full,6,nonpca
2,0.4006533351734458,0.30980811622151727,0.4694723768674101,full,6,nonpca
3,0.6721430311366724,0.5567484980811778,0.5547755850871816,full,6,nonpca
4,0.6512709346285862,0.5321979724560952,0.0018304484339952704,full,6,nonpca
5,0.5344253686817422,0.4282803761549464,0.0037071874462450546,full,6,nonpca
6,0.4006533351734458,0.30980811622151727,0.07834109029030249,full,6,nonpca
7,0.8068645939393182,0.6777735446044125,0.015459940475793832,full,6,nonpca
8,0.5228535318347226,0.4092086404216562,0.026706560752106687,full,6,nonpca
9,0.6522937322436831,0.5333170755203414,0.02521474935461001,full,6,nonpca
0,0.22150349722646465,0.24120572978626503,0.016969846106644343,full,7,nonpca
1,0.3352324899887444,0.4017715350464028,0.015158482267580651,full,7,nonpca
2,0.4922987783692759,0.3600188599168009,0.0208553182206211,full,7,nonpca
3,0.20125794256228838,0.22494166996875817,0.3700494318778283,full,7,nonpca
4,0.5139214458796418,0.3989344657543084,0.10371606339114307,full,7,nonpca
5,0.6630734321516754,0.5333889517819543,0.002212411209344844,full,7,nonpca
6,0.3048984090765711,0.2937618670574572,0.09573055216572902,full,7,nonpca
7,0.34004862982351053,0.25876467926260693,0.012271565162715116,full,7,nonpca
8,0.381681323190325,0.4270886089169339,0.39665568871805534,full,7,nonpca
9,0.5345897564035469,0.39183561825112884,0.5870223176374606,full,7,nonpca
0,0.3768812135252976,0.32367052728357915,0.03134422298588753,full,8,nonpca
1,0.5519660054584762,0.41537644509729704,0.03687005365083462,full,8,nonpca
2,0.9909762604056326,0.961169393523973,0.0007572821845604465,full,8,nonpca
3,0.25245688373918873,0.30039010192848914,0.29043063069815506,full,8,nonpca
4,0.3674764438085664,0.33657879468831525,0.005981619445845812,full,8,nonpca
5,0.2703757367461749,0.3267188607476866,0.3764681118980025,full,8,nonpca
6,0.2208585936959827,0.29819056095282387,0.02707160497497597,full,8,nonpca
7,0.9911792113054239,0.9617358303030759,0.0009942414581748885,full,8,nonpca
8,0.8272745707350568,0.6445044491882433,0.5841044369198338,full,8,nonpca
9,0.47720047120144254,0.4063153710192923,0.06025618408608418,full,8,nonpca
0,0.3201201658300886,0.35221422381763007,0.3355186541319073,full,9,nonpca
1,0.441447444616024,0.3834287005912992,0.07331561771345212,full,9,nonpca
2,0.33160328371016606,0.3806640323089698,0.39258923605577567,full,9,nonpca
3,0.33160328371016606,0.38066403230896984,0.036673922830713274,full,9,nonpca
4,0.6940743959668553,0.5132924492348383,0.02192778450060684,full,9,nonpca
5,0.33735168316559605,0.4180001520643803,0.00766566795477523,full,9,nonpca
6,0.42219202054280713,0.32527901620950694,0.04068348489387352,full,9,nonpca
7,0.44163614569892895,0.3835286165653908,0.021008356689114348,full,9,nonpca
8,0.4476223858137435,0.34833779512951824,0.00581664185585594,full,9,nonpca
9,0.9984873025891355,0.9961585304980018,3.893592522351666e-05,full,9,nonpca
0,0.27187681621091336,0.31829929165631704,0.021046060595806288,full,10,nonpca
1,0.6514966773762745,0.49847532027537506,0.0013128618086120118,full,10,nonpca
2,0.4191409676680796,0.3245911055876261,0.017507241325406712,full,10,nonpca
3,0.9988668509684075,0.9945871296539995,0.0064,full,10,nonpca
4,0.2999363506189822,0.3901836033075487,0.0097574195160694,full,10,nonpca
5,0.9990886961232937,0.9961163852205488,0.0006214527383170648,full,10,nonpca
6,0.6136429938980109,0.4698832556146288,0.007951085599505976,full,10,nonpca
7,0.41717617720080724,0.30733660695193454,0.05119996844434655,full,10,nonpca
8,0.461644038344193,0.3697120330116201,0.04720022414039082,full,10,nonpca
9,0.9989176503479124,0.9953688327769451,0.0,full,10,nonpca
0,0.3414744464864291,0.3998761765900873,0.015109888000520735,full,11,nonpca
1,0.2307684356996932,0.3386531603963887,0.0029520681955798474,full,11,nonpca
2,0.29312396778842453,0.3529870262761643,0.007139697469939346,full,11,nonpca
3,0.6887879216721731,0.542631901531795,0.016028053410578738,full,11,nonpca
4,0.30241811606251484,0.3780916800893062,0.0963360957019011,full,11,nonpca
5,0.28010460003959453,0.33963256913539597,0.007194330574324795,full,11,nonpca
6,0.30192737224154825,0.3623123832579241,0.275171301373285,full,11,nonpca
7,0.29639096408320426,0.3553566680250273,0.05360077010359054,full,11,nonpca
8,0.28030549556121276,0.3401553517223695,0.0326045421225045,full,11,nonpca
9,0.33231302769685633,0.3926394865045157,0.010221253590992243,full,11,nonpca
0,0.31504630269979556,0.3390901287928323,0.05134640393999367,full,12,nonpca
1,0.5858723905604347,0.5418898640412878,0.011157469071982654,full,12,nonpca
2,0.4200655155531925,0.44067798486245213,0.003472872025809717,full,12,nonpca
3,0.6427109254504721,0.6229495433162935,0.12848980385579753,full,12,nonpca
4,0.49793848434765203,0.5030008854648128,0.013649738929465076,full,12,nonpca
5,0.5498744890449809,0.5119645841031889,0.010241745274887646,full,12,nonpca
6,0.312665408554679,0.3478301510884727,0.015886396447008424,full,12,nonpca
7,0.48459537599693653,0.5221189674432568,0.4180803312054602,full,12,nonpca
8,0.33015410229961173,0.38189575890231675,0.06321241864243497,full,12,nonpca
9,0.646557528608006,0.5972589396609963,0.14067592531328388,full,12,nonpca
0,1.0,1.0,0.0,full,2,pca
1,1.0,1.0,1.0,full,2,pca
2,1.0,1.0,0.0,full,2,pca
3,0.6921884456609958,0.49453427576722453,0.012258824133417367,full,2,pca
4,1.0,1.0,1.0,full,2,pca
5,1.0,1.0,1.0,full,2,pca
6,1.0,1.0,1.0,full,2,pca
7,1.0,1.0,0.0,full,2,pca
8,1.0,1.0,0.0,full,2,pca
9,1.0,1.0,0.0,full,2,pca
0,0.08623945854106492,0.09081012534968681,0.35754947091659034,full,3,pca
1,0.08627177312645873,0.09080552143233346,0.35755248764289044,full,3,pca
2,0.08628769455830734,0.09083350981599525,0.35758623364631553,full,3,pca
3,0.08627177312645873,0.09080552143233346,0.35755248764289044,full,3,pca
4,0.9998067664055516,0.9993474010533859,0.62415,full,3,pca
5,0.08627177312645873,0.09080552143233346,0.4315116839421446,full,3,pca
6,0.08627177312645873,0.09080552143233346,0.4315116839421446,full,3,pca
7,0.9996564647706343,0.998318978168935,0.9997002968305744,full,3,pca
8,0.8064749050823097,0.7202927956914601,0.5818607028766608,full,3,pca
9,0.08623945854106492,0.09081012534968681,0.35754947091659034,full,3,pca
0,0.9999166080367348,0.9995337769151057,0.20265001233045624,full,4,pca
1,1.0,1.0,0.2027,full,4,pca
2,0.9987701289149887,0.9951463932403037,5.326393942560659e-05,full,4,pca
3,0.9999166080367348,0.9995337769151057,0.20265001233045624,full,4,pca
4,0.9999166080367348,0.9995337769151057,0.20265001233045624,full,4,pca
5,0.9999166080367348,0.9995337769151057,0.0075251379860174165,full,4,pca
6,0.9996777946030577,0.9990844192053783,0.0,full,4,pca
7,1.0,1.0,0.59235,full,4,pca
8,0.9999166080367348,0.9995337769151057,0.0075251379860174165,full,4,pca
9,0.9973828072299851,0.9903525110994656,8.717822904299098e-05,full,4,pca
0,0.537165113916681,0.6271418279632834,0.01978406144470304,full,5,pca
1,0.9621542321726559,0.9528159091299776,0.49803116644663176,full,5,pca
2,0.540006144612977,0.6370983275791902,0.007334563985609341,full,5,pca
3,0.533989698031113,0.6212363595607668,0.5187076043306841,full,5,pca
4,0.5605426648902486,0.7006575176216668,0.0008905705996131527,full,5,pca
5,0.9616880061606273,0.952437240191138,0.009402410643100177,full,5,pca
6,0.5372573416585031,0.6272729278186256,0.07082826475307441,full,5,pca
7,0.5372672445800387,0.6272869291513072,0.0021136968364038606,full,5,pca
8,0.5367211164541649,0.629658525607156,0.2754542103114258,full,5,pca
9,0.9329703984906818,0.9105201928638411,0.5661077068083487,full,5,pca
0,0.9747342002992138,0.9489765878202123,0.5791024450943123,full,6,pca
1,0.9828508870085666,0.9612688986173007,0.00017226785821008336,full,6,pca
2,0.7761092650339563,0.7469295736398777,0.03278547614024313,full,6,pca
3,0.9946126903200979,0.988225677356291,2.1027260638297874e-05,full,6,pca
4,0.9468901031150101,0.9341598982714315,0.0011029086266522968,full,6,pca
5,0.8679121320190513,0.8246882436068016,0.04687401408105191,full,6,pca
6,0.8231929138538088,0.7884490471212272,0.01400249565491143,full,6,pca
7,0.8337857471922804,0.8008053164361117,0.10081589944843858,full,6,pca
8,0.9468901031150101,0.9341598982714315,0.0011974286096802442,full,6,pca
9,0.9469887258060843,0.9343375335729818,0.25497463236092915,full,6,pca
0,1.0,1.0,0.0,full,7,pca
1,0.9708144834769002,0.9327133438511744,0.36865131800588247,full,7,pca
2,0.715380691052969,0.7200624830566035,0.28727618383989323,full,7,pca
3,0.7149803794008113,0.7196877254665828,0.028431842465111087,full,7,pca
4,0.9985527898908897,0.9924338396163186,0.0017321579045007248,full,7,pca
5,0.9983913872305804,0.9921487307218847,0.47041227800439983,full,7,pca
6,0.5505865757568993,0.6065220718367038,0.30710647343088815,full,7,pca
7,0.7161647320242094,0.7205151037225552,0.10501490695093807,full,7,pca
8,0.9987142137619331,0.9927664146065042,0.0036261948282740363,full,7,pca
9,0.7154352191722968,0.7200056794574902,0.11973441888192252,full,7,pca
0,0.8636801836445106,0.8107427679563934,0.8068389746008721,full,8,pca
1,0.9072797965506642,0.8248101776887484,0.36286582269508394,full,8,pca
2,0.5873735643927186,0.6780820541889689,0.0031222315968498448,full,8,pca
3,0.5894972115071728,0.6745881262959023,0.025436940273595023,full,8,pca
4,1.0,1.0,0.2059,full,8,pca
5,0.9521425862165365,0.8959515893881135,0.3196049460130428,full,8,pca
6,0.9794752444933859,0.9461037782641124,0.36182499456139133,full,8,pca
7,0.9147056254421799,0.8393869912497538,0.020612367646636928,full,8,pca
8,0.9440074690273982,0.8826179483632448,0.06075823928618094,full,8,pca
9,0.9937265927965409,0.982496739303717,0.1913782869262885,full,8,pca
0,0.47472382691695203,0.5960953638322836,0.028956649610497175,full,9,pca
1,0.9534704052611744,0.9122407395480981,0.022223495368200848,full,9,pca
2,0.6176407261249773,0.6618179942497374,0.24101823078851134,full,9,pca
3,0.4759509323399973,0.5944057580317089,0.017579380722259046,full,9,pca
4,0.6225920374437653,0.6644421638077453,0.032446436656640286,full,9,pca
5,0.651625607405493,0.7045037526008825,0.02494738765752259,full,9,pca
6,0.6509949472707091,0.7274959317268732,0.03760203587344857,full,9,pca
7,0.6216059505630526,0.6641801978577294,0.04534882305068128,full,9,pca
8,0.9632678135403029,0.9228772446050579,0.004602776261427512,full,9,pca
9,0.4974891437978155,0.620839320120697,0.039633811179288866,full,9,pca
0,0.49788273361300683,0.6351295686549644,0.019443126343645842,full,10,pca
1,0.8026891621960157,0.7925178749346279,0.025948420131597323,full,10,pca
2,0.5169463381113449,0.6731819342560655,0.19847690030634588,full,10,pca
3,0.4937264546477177,0.625125349599747,0.013003397618906424,full,10,pca
4,0.7895844876643585,0.7656381992094902,0.16090838177945843,full,10,pca
5,0.5191406615562797,0.677614692213998,0.08786286960914678,full,10,pca
6,0.521524480384638,0.6807933527748837,0.16370467531970506,full,10,pca
7,0.6040905956507782,0.7125623930748272,0.0704137730052143,full,10,pca
8,0.5100352477886323,0.6582844466169965,0.004930543835084668,full,10,pca
9,0.6070713214610728,0.6851906775639783,0.1883068883153486,full,10,pca
0,0.4950536203104418,0.599516498622889,0.023709120482205855,full,11,pca
1,0.5119250564953329,0.6082508791450012,0.1123557995400449,full,11,pca
2,0.49217498634121637,0.6026315564033604,0.05261458058647371,full,11,pca
3,0.5573653958919058,0.6423648945150302,0.0010674501673018802,full,11,pca
4,0.5609814947947431,0.6238415996386689,0.12350023486568003,full,11,pca
5,0.597581635857667,0.6491655419404238,0.03151506666791284,full,11,pca
6,0.5351246961953983,0.623474287074615,0.013760397860807808,full,11,pca
7,0.5147829736517375,0.5979835134333972,0.07052194517694382,full,11,pca
8,0.43766251401556067,0.5933866955628435,0.04494930872230667,full,11,pca
9,0.5350978852031366,0.6193658770789956,0.04836404347267137,full,11,pca
0,0.5957326762577814,0.720543492140064,0.0023659922518695273,full,12,pca
1,0.5136202251754132,0.6319361773955893,0.24509926225923578,full,12,pca
2,0.798695329720719,0.8355269908890799,0.14110349192037888,full,12,pca
3,0.9153328948941609,0.9088682404953063,0.1462553644355682,full,12,pca
4,0.4748324428300894,0.6367903761851657,0.011770778717499568,full,12,pca
5,0.4323397103056936,0.6147948139726495,0.009585992269697679,full,12,pca
6,0.43559372975013577,0.6196594736066956,0.02068919207503993,full,12,pca
7,0.5981843804113217,0.7366449116641307,0.0002891908958100207,full,12,pca
8,0.6506711558507066,0.7448556727944399,0.18141842395128274,full,12,pca
9,0.5048741388314628,0.690643760750311,0.0027959094128095514,full,12,pca
0,0.9192322998147499,0.8182140172999892,0.9797273713555223,diag,2,non-pca
1,0.9192322998147499,0.8182140172999892,0.004813961422431973,diag,2,non-pca
2,0.9192322998147499,0.8182140172999892,0.9797273713555223,diag,2,non-pca
3,0.9192322998147499,0.8182140172999892,0.9797273713555223,diag,2,non-pca
4,0.9192322998147499,0.8182140172999892,0.9797273713555223,diag,2,non-pca
5,0.9192322998147499,0.8182140172999892,0.9797273713555223,diag,2,non-pca
6,0.9192322998147499,0.8182140172999892,0.9797273713555223,diag,2,non-pca
7,0.9192322998147499,0.8182140172999892,0.004813961422431973,diag,2,non-pca
8,0.9192322998147499,0.8182140172999892,0.9797273713555223,diag,2,non-pca
9,0.9192322998147499,0.8182140172999892,0.004813961422431973,diag,2,non-pca
0,1.0,1.0,0.659,diag,3,non-pca
1,0.5975851136904278,0.45413414941884034,0.5966365233792627,diag,3,non-pca
2,0.596863130481869,0.45338952588320713,0.596437541836727,diag,3,non-pca
3,0.5025096056162909,0.4434489383487765,0.56595081000005,diag,3,non-pca
4,0.5975851136904278,0.4541341494188403,0.03882995610908772,diag,3,non-pca
5,0.8472544627591391,0.7460593507621769,0.9148064757350775,diag,3,non-pca
6,0.5025096056162909,0.4434489383487765,0.047014024778754,diag,3,non-pca
7,0.596863130481869,0.45338952588320713,0.596437541836727,diag,3,non-pca
8,0.597548215985648,0.4540629440719042,0.032737878772873784,diag,3,non-pca
9,0.5975851136904278,0.4541341494188403,0.04449389747920959,diag,3,non-pca
0,0.6628170851670201,0.6166730029574523,0.00804451522238415,diag,4,non-pca
1,0.8033083005204542,0.7518609884662202,0.5133608815201166,diag,4,non-pca
2,0.4688544455078923,0.4395292576681114,0.04399129062783201,diag,4,non-pca
3,0.4876945922075037,0.46872371695101445,0.10340909393033217,diag,4,non-pca
4,0.22760935846539204,0.30677288472369696,0.2249870495218261,diag,4,non-pca
5,0.7153701521574238,0.6603527615161151,0.5758593584509021,diag,4,non-pca
6,0.8449529805411072,0.8093254182783967,0.5294427537955048,diag,4,non-pca
7,0.7406790036628066,0.6951014461701082,0.00032745067644844377,diag,4,non-pca
8,0.7411096215435086,0.695562485107315,0.3206935822146886,diag,4,non-pca
9,0.6062783598604083,0.5710377491529047,0.0540553743034401,diag,4,non-pca
0,0.45926088197858744,0.4186139284789585,0.5574133056974065,diag,5,non-pca
1,0.4601549793975883,0.4121982895600767,0.02632415500146227,diag,5,non-pca
2,0.6094115554603035,0.4768121212069206,0.010600854179837213,diag,5,non-pca
3,0.8648263030316302,0.7946535880350284,0.7221767416996124,diag,5,non-pca
4,0.4543124083335886,0.40663671237194643,0.06521876257146125,diag,5,non-pca
5,0.45926088197858744,0.41861392847895856,0.5286524748212335,diag,5,non-pca
6,0.219399092191603,0.29842727433463206,0.1701624766633419,diag,5,non-pca
7,0.4543124083335886,0.40663671237194643,0.03617302647313203,diag,5,non-pca
8,0.6094115554603035,0.47681212120692046,0.614446355820002,diag,5,non-pca
9,0.39332050107988825,0.45506223763123277,0.4497649040843119,diag,5,non-pca
0,0.47231388003883695,0.47050241094778283,0.09020716124104053,diag,6,non-pca
1,0.23933132982601557,0.30630105594200024,0.14010315595174458,diag,6,non-pca
2,0.27741386897134535,0.3557503154597161,0.1277567983937204,diag,6,non-pca
3,0.31356948205984425,0.3579107435779504,0.14295474153721963,diag,6,non-pca
4,0.23141414688253112,0.35354195328216914,0.0022478945673218924,diag,6,non-pca
5,0.2453393061742241,0.35490513267320234,0.16643904806246712,diag,6,non-pca
6,0.25876996098336086,0.353682955773035,0.019707036836122443,diag,6,non-pca
7,0.2453393061742241,0.35490513267320234,0.0014663581017460316,diag,6,non-pca
8,0.27741386897134535,0.3557503154597161,0.2878139005385959,diag,6,non-pca
9,0.24761144697147963,0.3592669064370827,0.1411398626994207,diag,6,non-pca
0,0.5627048861283247,0.4812367361086793,0.04625478033751449,diag,7,non-pca
1,0.8373304461438015,0.7308986336859676,0.013846563389246364,diag,7,non-pca
2,0.4449484601088165,0.49699057310132605,0.3380990458447062,diag,7,non-pca
3,0.6901821281808835,0.602682630373804,0.01525915914714264,diag,7,non-pca
4,0.5787236145382368,0.520958381421971,0.08478432326052215,diag,7,non-pca
5,0.5918181989258419,0.559635910953655,0.04365998162329072,diag,7,non-pca
6,0.630033745604551,0.6066255599810741,0.061018671674389444,diag,7,non-pca
7,0.6872580595593507,0.5978220925027131,0.0397676216330048,diag,7,non-pca
8,0.676071803946728,0.597168676499237,0.030897999770438424,diag,7,non-pca
9,0.5442610245405437,0.5095830646712767,0.4461098894259724,diag,7,non-pca
0,0.33106841188405833,0.44805829813215736,0.024461430793157074,diag,8,non-pca
1,0.4121243876351188,0.40897088848598895,0.06358645738189482,diag,8,non-pca
2,0.40857775057260265,0.40694221933374497,0.013658415254691346,diag,8,non-pca
3,0.7413538116462564,0.648242584507579,0.03752924810435186,diag,8,non-pca
4,0.40864309815462524,0.4068739823191826,0.06242263186735148,diag,8,non-pca
5,0.35269770064610584,0.38655922420594024,0.07756873142298915,diag,8,non-pca
6,0.40864309815462524,0.4068739823191826,0.03493328498529819,diag,8,non-pca
7,0.5791564207077616,0.5072439219199725,0.04635529805485179,diag,8,non-pca
8,0.7558138979652184,0.6665684574382645,0.22283617884167453,diag,8,non-pca
9,0.36316474453628916,0.42496968085946574,0.12408426148559143,diag,8,non-pca
0,0.5384501421915701,0.6183131974468928,0.03249919327444056,diag,9,non-pca
1,0.43651226535425197,0.4795413946210363,0.0524037242808472,diag,9,non-pca
2,0.33014585954457976,0.4060663108067295,0.029839634642266764,diag,9,non-pca
3,0.31686945568402153,0.3906986750144066,0.04504446414961896,diag,9,non-pca
4,0.2926488386502158,0.3730473149335464,0.05925624721958071,diag,9,non-pca
5,0.5110107440206045,0.5466601212364213,0.06353380465832173,diag,9,non-pca
6,0.46263782168799344,0.5258461651079864,0.17243295637144812,diag,9,non-pca
7,0.40000336562444255,0.48112215019661353,0.027186486058351802,diag,9,non-pca
8,0.4308701404390907,0.48723724635656923,0.0554853340116145,diag,9,non-pca
9,0.3341671506737377,0.43877582686947725,0.08072924219392631,diag,9,non-pca
0,0.6718835791018084,0.6336987880625392,0.15921608739244503,diag,10,non-pca
1,0.36585446636073954,0.5289503744275053,0.00497430045172573,diag,10,non-pca
2,0.599465511810317,0.5417372599577794,0.12219261346620719,diag,10,non-pca
3,0.43334717125994293,0.4773944729109587,0.07360857333523028,diag,10,non-pca
4,0.38714356367676295,0.4285232799900612,0.22928132494693013,diag,10,non-pca
5,0.5993541894354922,0.5416879866971591,0.017229834711836627,diag,10,non-pca
6,0.4494357799321473,0.516437096537806,0.009109035628558419,diag,10,non-pca
7,0.48215130174527604,0.5000885393236927,0.058231229674651414,diag,10,non-pca
8,0.3856628197656477,0.5150284924422335,0.03371844216591717,diag,10,non-pca
9,0.4251151888764546,0.45869344571122384,0.04605920149511497,diag,10,non-pca
0,0.7162988438961546,0.6616759850234027,0.012837980250626787,diag,11,non-pca
1,0.38881185361506276,0.4856313100390903,0.02712707661262123,diag,11,non-pca
2,0.5252754638121291,0.5778691616553164,0.11056075019044695,diag,11,non-pca
3,0.5263635125120387,0.5808768309867347,0.2600950082808799,diag,11,non-pca
4,0.5395144184526972,0.5900810605050235,0.04122442255083064,diag,11,non-pca
5,0.5567599893711128,0.5129398251515072,0.11040558225885076,diag,11,non-pca
6,0.7162988438961546,0.6616759850234026,0.4690826295497422,diag,11,non-pca
7,0.6385715016516109,0.6099146069086576,0.03756320121762602,diag,11,non-pca
8,0.39798819296930527,0.5066265909037576,0.03359628679647941,diag,11,non-pca
9,0.7162988438961546,0.6616759850234026,0.12276281633605715,diag,11,non-pca
0,0.3902944073457509,0.49928262305455084,0.03754207883420561,diag,12,non-pca
1,0.3753305594086683,0.4923648782881535,0.038115618630001305,diag,12,non-pca
2,0.450258059934336,0.539494177157344,0.02755816272579601,diag,12,non-pca
3,0.437581122693803,0.5441000483425675,0.1422720596404638,diag,12,non-pca
4,0.5800865574277868,0.609700934617577,0.010112892670130512,diag,12,non-pca
5,0.46527068727820814,0.5484018596251227,0.1786142110720445,diag,12,non-pca
6,0.48947559472294366,0.5528974169058501,0.0387520564300792,diag,12,non-pca
7,0.362164688276195,0.4928169642695753,0.0037618937047125952,diag,12,non-pca
8,0.5578666188890369,0.6230508996559899,0.04153584906662714,diag,12,non-pca
9,0.36937716488625616,0.5048888708587991,0.046063447504434855,diag,12,non-pca
0,1.0,1.0,1.0,diag,2,pca
1,1.0,1.0,0.0,diag,2,pca
2,1.0,1.0,0.0,diag,2,pca
3,1.0,1.0,0.0,diag,2,pca
4,1.0,1.0,0.0,diag,2,pca
5,1.0,1.0,0.0,diag,2,pca
6,1.0,1.0,0.0,diag,2,pca
7,1.0,1.0,0.0,diag,2,pca
8,1.0,1.0,0.0,diag,2,pca
9,1.0,1.0,0.0,diag,2,pca
0,0.9986112435741602,0.993951099853051,0.998709044574156,diag,3,pca
1,0.9986112435741602,0.9939510998530509,0.6424640473617148,diag,3,pca
2,0.9986112435741602,0.993951099853051,0.042009017341040455,diag,3,pca
3,0.9196501905265348,0.8371936007739854,0.005438960947409529,diag,3,pca
4,0.9999284623204084,0.9994411047734126,4.403413064764302e-05,diag,3,pca
5,0.9306462502231359,0.8514386348132595,0.6302902370967175,diag,3,pca
6,0.9994455656302345,0.9973146495568375,0.3147968813818353,diag,3,pca
7,0.9986112435741602,0.993951099853051,0.998709044574156,diag,3,pca
8,1.0,1.0,0.3148,diag,3,pca
9,0.9986112435741602,0.993951099853051,0.042009017341040455,diag,3,pca
0,0.8930222592359672,0.8603314355220714,0.19685719280719283,diag,4,pca
1,1.0,1.0,0.20205,diag,4,pca
2,1.0,1.0,0.41275,diag,4,pca
3,0.9998378742788349,0.9995087093322016,0.41270001186239624,diag,4,pca
4,0.8955884688935386,0.8623745550422253,0.18299188068153593,diag,4,pca
5,1.0,1.0,1.0,diag,4,pca
6,0.9917458670969465,0.9843433849773513,0.577601047849788,diag,4,pca
7,0.8955884688935386,0.8623745550422253,0.9304969655733742,diag,4,pca
8,1.0,1.0,0.41275,diag,4,pca
9,1.0,1.0,0.41275,diag,4,pca
0,1.0,1.0,0.0,diag,5,pca
1,1.0,1.0,0.18675,diag,5,pca
2,1.0,1.0,0.01345,diag,5,pca
3,0.996739575151453,0.9950618403945073,0.18675,diag,5,pca
4,1.0,1.0,1.0,diag,5,pca
5,1.0,1.0,0.59925,diag,5,pca
6,1.0,1.0,0.2807,diag,5,pca
7,0.9282459971241107,0.8963911428756304,0.005148308224252903,diag,5,pca
8,0.9274254969883565,0.8956606013929694,0.008588229879815338,diag,5,pca
9,1.0,1.0,0.18675,diag,5,pca
0,0.9986151400749069,0.9958904046513327,0.1843,diag,6,pca
1,0.9827885582013823,0.9718288771787733,0.6415036350662666,diag,6,pca
2,0.9781737890619815,0.967541337622012,0.18357007065371406,diag,6,pca
3,0.9941246982867908,0.9855493549368487,0.039406360424028265,diag,6,pca
4,0.9780947367924359,0.9673599063138256,0.0007510915807098384,diag,6,pca
5,0.7169764098458864,0.7746500617208121,0.2975690682632325,diag,6,pca
6,0.7166115200141565,0.774533645952591,0.002641956989621723,diag,6,pca
7,0.9783492788892169,0.9668802136762429,0.16809552880699488,diag,6,pca
8,0.7177396159797316,0.7752598398087773,0.23293339322569315,diag,6,pca
9,0.9657171821259526,0.9531126512204285,0.0009192370128675283,diag,6,pca
0,0.9913130546436109,0.9857868668407296,0.03209554763888438,diag,7,pca
1,0.9998446103511128,0.9997140121760285,0.2977,diag,7,pca
2,0.990827680933115,0.9845169149024717,0.15770342948282065,diag,7,pca
3,0.9911651819595687,0.9852629628726075,0.12647952482840885,diag,7,pca
4,0.9643848252960431,0.9540466466892152,0.0011620557977983243,diag,7,pca
5,0.9998446103511128,0.9997140121760287,0.0,diag,7,pca
6,0.964036147773948,0.9537029594347596,0.030006695040402754,diag,7,pca
7,0.9915337463743312,0.9857197931428608,0.0001827694113045179,diag,7,pca
8,0.9575014296653465,0.9472716560896324,0.1232651985379103,diag,7,pca
9,0.9913682997989668,0.9856754836246365,0.13875945545652615,diag,7,pca
0,0.6720022771371376,0.7155330406346105,0.2139340598748688,diag,8,pca
1,0.5311505810583756,0.664975135456489,0.19825077446241285,diag,8,pca
2,0.6726799783851025,0.7158767324532862,0.04723546424336953,diag,8,pca
3,0.5208002855183405,0.6594678321314025,0.35953706954702463,diag,8,pca
4,0.6721098742086971,0.7155991988168129,0.040511818039779005,diag,8,pca
5,0.6630727582256932,0.7203057033965766,0.2161714369159276,diag,8,pca
6,0.5941545769119595,0.7172920764799754,0.21040056818904787,diag,8,pca
7,0.672454741587994,0.7157602519162665,0.06609140278971282,diag,8,pca
8,0.9430288733442925,0.9349405208329152,0.11128941396697205,diag,8,pca
9,0.9765032015850734,0.9673933735583209,0.12026737594719845,diag,8,pca
0,0.6589602855073196,0.6827739424678462,0.027754153850598495,diag,9,pca
1,0.9842391823747924,0.9765120337442501,4.2087950138504155e-05,diag,9,pca
2,0.6300470858419748,0.6936889616088658,0.04065933409964549,diag,9,pca
3,0.5068136705422314,0.6500539664900417,0.17235338036938913,diag,9,pca
4,0.5223241676730825,0.6544259335293641,0.18242536268313642,diag,9,pca
5,0.98397810866447,0.9763180394546885,0.00026884710461565057,diag,9,pca
6,0.8276526143738385,0.8242958364982411,0.23615846367003168,diag,9,pca
7,0.5223241676730825,0.6544259335293641,0.08811561784802417,diag,9,pca
8,0.6859348611070932,0.7263818273155571,0.08167561558208085,diag,9,pca
9,0.5217152960116298,0.6618024239407785,0.24462397575176786,diag,9,pca
0,0.5520762528012417,0.6696457594356391,0.25937205206845193,diag,10,pca
1,0.8840791804586079,0.8844705112820812,0.19542967303701964,diag,10,pca
2,0.9123141916980284,0.8652381760193254,0.13239082143713563,diag,10,pca
3,0.8689337736554499,0.8247108046573294,0.11637488671353564,diag,10,pca
4,0.9053149671545778,0.8602661268974616,0.15828713213264628,diag,10,pca
5,0.8728972216792015,0.8422767625790083,0.15122023682682295,diag,10,pca
6,0.908428153989272,0.8882489161372281,0.13446299255118432,diag,10,pca
7,0.8842400486768114,0.8375102332976198,0.257507103232879,diag,10,pca
8,0.9050172480503398,0.8600601339749339,0.15277288519838228,diag,10,pca
9,0.8886650868276429,0.8855172702809766,0.1500131108013443,diag,10,pca
0,0.9911798622121077,0.9869777608537665,0.06056952447035253,diag,11,pca
1,0.8602970104632642,0.8499202033347008,0.047819947105567584,diag,11,pca
2,0.8606588086444863,0.84923139695485,0.13594684033265156,diag,11,pca
3,0.5898774842152612,0.6845256548919687,0.018616676310714782,diag,11,pca
4,0.7606278447001835,0.7711358408144486,0.01150414449771389,diag,11,pca
5,0.997725422837207,0.9953182665884877,0.00040029543843063105,diag,11,pca
6,0.5156418526112607,0.6404555614043537,0.01818011469523109,diag,11,pca
7,0.7801546447832901,0.7827170872109795,0.019560881454503545,diag,11,pca
8,0.5756234185500941,0.7102192697733081,0.015298186713711795,diag,11,pca
9,0.9937915183082917,0.9908101516603917,0.00021243138929253705,diag,11,pca
0,0.4799650387553524,0.6318713621738199,0.05253351423065418,diag,12,pca
1,0.6129085449040693,0.715019878766784,0.1518815062330307,diag,12,pca
2,0.5911240771007127,0.6952613147585706,0.04355747978130264,diag,12,pca
3,0.4621944247230096,0.61126519480577,0.005489084521710816,diag,12,pca
4,0.5715791573328625,0.6886210275131431,0.038839305892287485,diag,12,pca
5,0.524839869924944,0.6794908573435063,0.02468513493495105,diag,12,pca
6,0.6428839177160593,0.7382524349059858,0.13779945323097878,diag,12,pca
7,0.5563546570890476,0.7017103204704223,0.09310750931643537,diag,12,pca
8,0.9138397349136741,0.8935051188097966,0.6264581851297053,diag,12,pca
9,0.8737756113193282,0.8473479337205841,0.12216812644012476,diag,12,pca
